{
  "ReRoutes": [
    {
      "DownstreamPathTemplate": "/api/GetRegisteredUser",
      "DownstreamScheme": "http",
      "DownstreamHost": "localhost",
      "DownstreamPort": 5901,
      "UpstreamPathTemplate": "/GetRegisteredUser",
      "UpstreamHttpMethod": [ "Get" ]
    },

    {
      "DownstreamPathTemplate": "/api/AddUser",
      "DownstreamScheme": "http",
      "DownstreamHost": "localhost",
      "DownstreamPort": 5901,
      "UpstreamPathTemplate": "/AddUser",
      "UpstreamHttpMethod": [ "Post" ]
    },
    {
      "DownstreamPathTemplate": "/api/GetUserData/{Emailid}",
      "DownstreamScheme": "http",
      "DownstreamHost": "localhost",
      "DownstreamPort": 5901,
      "UpstreamPathTemplate": "/GetUserData/{Emailid}",
      "UpstreamHttpMethod": [ "Get" ]
    },
    {
      "DownstreamPathTemplate": "/api/UpdateData",
      "DownstreamScheme": "http",
      "DownstreamHost": "localhost",
      "DownstreamPort": 5901,
      "UpstreamPathTemplate": "/UpdateData",
      "UpstreamHttpMethod": [ "Put" ]
    },
    {
      "DownstreamPathTemplate": "/api/GetAirline",
      "DownstreamScheme": "http",
      "DownstreamHost": "localhost",
      "DownstreamPort": 5902,
      "UpstreamPathTemplate": "/GetAirline",
      "UpstreamHttpMethod": [ "Get" ]
    },

    {
      "DownstreamPathTemplate": "/api/Addairline",
      "DownstreamScheme": "http",
      "DownstreamHost": "localhost",
      "DownstreamPort": 5902,
      "UpstreamPathTemplate": "/Addairline",
      "UpstreamHttpMethod": [ "Post" ]
    },
    {
      "DownstreamPathTemplate": "/api/Login/{Emailid}/{password}",
      "DownstreamScheme": "http",
      "DownstreamHost": "localhost",
      "DownstreamPort": 5901,
      "UpstreamPathTemplate": "/Login/{Emailid}/{password}",
      "UpstreamHttpMethod": [ "Get" ]
    },
    {
      "DownstreamPathTemplate": "/api/GetFlightDetails",
      "DownstreamScheme": "http",
      "DownstreamHost": "localhost",
      "DownstreamPort": 5902,
      "UpstreamPathTemplate": "/GetFlightDetails",
      "UpstreamHttpMethod": [ "Get" ]
    },
    {
      "DownstreamPathTemplate": "/api/AddFlight",
      "DownstreamScheme": "http",
      "DownstreamHost": "localhost",
      "DownstreamPort": 5902,
      "UpstreamPathTemplate": "/AddFlight",
      "UpstreamHttpMethod": [ "Post" ]
    },
    {
      "DownstreamPathTemplate": "/api/BlockAirline/{FlightNumber}",
      "DownstreamScheme": "http",
      "DownstreamHost": "localhost",
      "DownstreamPort": 5902,
      "UpstreamPathTemplate": "/api/BlockAirline/{FlightNumber}",
      "UpstreamHttpMethod": [ "Get" ]
    },
    {
      "DownstreamPathTemplate": "/api/UpdateFlightData",
      "DownstreamScheme": "http",
      "DownstreamHost": "localhost",
      "DownstreamPort": 5902,
      "UpstreamPathTemplate": "/UpdateFlightData",
      "UpstreamHttpMethod": [ "Put" ]
    },
    {
      "DownstreamPathTemplate": "/api/BookTicket/{Emailid}/{FlightNumber}",
      "DownstreamScheme": "http",
      "DownstreamHost": "localhost",
      "DownstreamPort": 5904,
      "UpstreamPathTemplate": "/BookTicket/{Emailid}/{FlightNumber}",
      "UpstreamHttpMethod": [ "Post" ]
    },
    {
      "DownstreamPathTemplate": "/api/Cancel/{Pnr}",
      "DownstreamScheme": "http",
      "DownstreamHost": "localhost",
      "DownstreamPort": 5904,
      "UpstreamPathTemplate": "/Cancel/{Pnr}",
      "UpstreamHttpMethod": [ "Get" ]
    },
    {
      "DownstreamPathTemplate": "/api/PNR/{Pnr}",
      "DownstreamScheme": "http",
      "DownstreamHost": "localhost",
      "DownstreamPort": 5904,
      "UpstreamPathTemplate": "/PNR/{Pnr}",
      "UpstreamHttpMethod": [ "Get" ]
    },
    {
      "DownstreamPathTemplate": "/api/Search/{From}/{To}",
      "DownstreamScheme": "http",
      "DownstreamHost": "localhost",
      "DownstreamPort": 5904,
      "UpstreamPathTemplate": "/Search/{From}/{To}",
      "UpstreamHttpMethod": [ "Get" ]
    },
    {
      "DownstreamPathTemplate": "/api/auth",
      "DownstreamScheme": "http",
      "DownstreamHost": "localhost",
      "DownstreamPort": 9006,
      "UpstreamPathTemplate": "/api/auth",
      "UpstreamHttpMethod": [ "Get" ]

    }

  ],
  "GlobalConfiguration": {
    "RequestIdKey": "OcRequestId",
    "AdministrationPath": "/administration"
  }

}
